Country,Currency,Job Code,Job Name,Cost Center Name,Cost Center Hierarchy,Currency Symbol,Standard Burden Cost Rate
US,USD,**REDACTED**,**REDACTED**,**REDACTED**,**REDACTED**,$,**REDACTED**
US,USD,**REDACTED**,**REDACTED**,**REDACTED**,**REDACTED**,$,**REDACTED**
US,USD,**REDACTED**,**REDACTED**,**REDACTED**,**REDACTED**,$,**REDACTED**
US,USD,**REDACTED**,**REDACTED**,**REDACTED**,**REDACTED**,$,**REDACTED**
US,USD,**REDACTED**,**REDACTED**,**REDACTED**,**REDACTED**,$,**REDACTED**
US,USD,**REDACTED**,**REDACTED**,**REDACTED**,**REDACTED**,$,**REDACTED**
US,USD,**REDACTED**,**REDACTED**,**REDACTED**,**REDACTED**,$,**REDACTED**
US,USD,**REDACTED**,**REDACTED**,**REDACTED**,**REDACTED**,$,**REDACTED**
US,USD,**REDACTED**,**REDACTED**,**REDACTED**,**REDACTED**,$,**REDACTED**
US,USD,**REDACTED**,**REDACTED**,**REDACTED**,**REDACTED**,$,**REDACTED**
US,USD,**REDACTED**,**REDACTED**,**REDACTED**,**REDACTED**,$,**REDACTED**
US,USD,**REDACTED**,**REDACTED**,**REDACTED**,**REDACTED**,$,**REDACTED**
US,USD,**REDACTED**,**REDACTED**,**REDACTED**,**REDACTED**,$,**REDACTED**
US,USD,**REDACTED**,**REDACTED**,**REDACTED**,**REDACTED**,$,**REDACTED**
US,USD,**REDACTED**,**REDACTED**,**REDACTED**,**REDACTED**,$,**REDACTED**
US,USD,**REDACTED**,**REDACTED**,**REDACTED**,**REDACTED**,$,**REDACTED**
US,USD,**REDACTED**,**REDACTED**,**REDACTED**,**REDACTED**,$,**REDACTED**
US,USD,**REDACTED**,**REDACTED**,**REDACTED**,**REDACTED**,$,**REDACTED**
